GridID,GridLat,GridLng,City,State,PrimaryRoad,AccidentCount,AvgSeverity,MaxSeverity,PctJunction,PctCrossing,PctTrafficSignal,PctRushHour,PctWeekend,AvgVisibility,AvgWindSpeed,AvgPrecipitation,PctBadWeather,RiskScore,Risk_Level,PrimaryDangerFactor
25.65_-80.1,25.650000000000002,-80.10000000000001,Miami,FL,SR-826 Palmetto Expy,7,1.8571428571428572,4,0.42857142857142855,0.0,0.42857142857142855,0.14285714285714285,0.0,7.357142857142857,11.114285714285714,0.027142857142857142,0.42857142857142855,0.11841415461458682,Low,"Complex Highway Junction, Congested Signalized Intersection"
25.65_-80.15,25.650000000000002,-80.15,Miami,FL,I-95 S Express Lanes,16,2.125,4,0.1875,0.125,0.125,0.5,0.5,7.5625,10.331249999999999,0.151875,0.5,0.16032110086741935,Low,"Adverse Weather & Wet Pavement, Severe Rush Hour Peak"
25.65_-80.2,25.650000000000002,-80.2,Miami,FL,Collins Ave,28,1.75,3,0.2857142857142857,0.39285714285714285,0.35714285714285715,0.42857142857142855,0.21428571428571427,8.4,4.767857142857143,0.08785714285714286,0.25,0.11857798161802151,Low,Severe Rush Hour Peak
25.65_-80.25,25.650000000000002,-80.25,Miami,FL,Collins Ave,14,2.0,4,0.2857142857142857,0.35714285714285715,0.2857142857142857,0.7142857142857143,0.35714285714285715,7.392857142857143,10.692857142857145,0.06857142857142857,0.35714285714285715,0.142278287417319,Low,"Adverse Weather & Wet Pavement, Severe Rush Hour Peak"
25.6_-80.1,25.6,-80.10000000000001,Miami,FL,SR-836 W Dolphin Expy,1,4.0,4,1.0,0.0,0.0,1.0,1.0,7.0,5.5,0.16,1.0,0.3999999998666667,High,"Complex Highway Junction, Adverse Weather & Wet Pavement"
25.6_-80.15,25.6,-80.15,Miami,FL,MacArthur Cswy,2,3.5,4,0.0,0.5,0.0,1.0,0.0,5.6,9.85,0.08,1.0,0.33402140661671686,Medium,"Adverse Weather & Wet Pavement, Severe Rush Hour Peak"
25.75_-80.0,25.75,-80.0,Miami,FL,SR-826 Palmetto Expy,1,3.0,3,1.0,0.0,0.0,1.0,0.0,4.3,35.6,0.22,1.0,0.26666666657777777,Medium,"Complex Highway Junction, Adverse Weather & Wet Pavement"
25.75_-80.05,25.75,-80.05000000000001,Miami,FL,I-95 S Express Lanes,3,2.3333333333333335,3,0.0,0.0,0.3333333333333333,0.3333333333333333,0.6666666666666666,6.366666666666667,4.533333333333334,0.006666666666666667,0.3333333333333333,0.1791539245075078,Medium,Adverse Weather & Wet Pavement
25.75_-80.1,25.75,-80.10000000000001,Miami,FL,Biscayne Blvd,82,2.0365853658536586,4,0.32926829268292684,0.2682926829268293,0.45121951219512196,0.4878048780487805,0.2804878048780488,7.31219512195122,8.149999999999999,0.10280487804878048,0.4268292682926829,0.19394532702181522,Medium,"Congested Signalized Intersection, Adverse Weather & Wet Pavement"
25.75_-80.15,25.75,-80.15,Miami,FL,Brickell Ave,536,1.8078358208955223,4,0.27798507462686567,0.24067164179104478,0.38992537313432835,0.4141791044776119,0.28171641791044777,7.761940298507462,7.434888059701493,0.09352611940298508,0.375,0.47583070880478956,High,"Adverse Weather & Wet Pavement, Severe Rush Hour Peak"
25.75_-80.2,25.75,-80.2,Miami,FL,Coral Way,831,1.8965102286401925,4,0.259927797833935,0.2190132370637786,0.4043321299638989,0.4091456077015644,0.30806257521058966,7.514199759326114,7.290734055354995,0.10805054151624549,0.40794223826714804,0.6906356145427185,High,"Congested Signalized Intersection, Adverse Weather & Wet Pavement"
25.75_-80.25,25.75,-80.25,Miami,FL,Brickell Ave,320,1.871875,4,0.28125,0.253125,0.3875,0.384375,0.296875,7.650625,7.408125,0.09303125,0.396875,0.335745412805035,Medium,"Adverse Weather & Wet Pavement, Severe Rush Hour Peak"
25.75_-80.3,25.75,-80.30000000000001,Miami,FL,Collins Ave,32,1.59375,4,0.1875,0.21875,0.46875,0.40625,0.21875,8.24375,6.078125,0.0828125,0.28125,0.10049694186961111,Low,"Congested Signalized Intersection, Adverse Weather & Wet Pavement"
25.7_-80.05,25.700000000000003,-80.05000000000001,Miami,FL,Coral Way,1,1.0,1,0.0,0.0,1.0,0.0,1.0,8.6,2.4,0.0,0.0,0.0,Low,Congested Signalized Intersection
25.7_-80.1,25.700000000000003,-80.10000000000001,Miami,FL,Brickell Ave,37,1.5675675675675675,4,0.13513513513513514,0.32432432432432434,0.43243243243243246,0.3783783783783784,0.2702702702702703,7.9135135135135135,6.8108108108108105,0.08297297297297297,0.32432432432432434,0.10044631785225691,Low,"Congested Signalized Intersection, Adverse Weather & Wet Pavement"
25.7_-80.15,25.700000000000003,-80.15,Miami,FL,NW 27th Ave,185,1.9351351351351351,4,0.2648648648648649,0.21621621621621623,0.44324324324324327,0.42162162162162165,0.2864864864864865,7.754054054054054,7.978918918918918,0.09043243243243243,0.4,0.2512901892301339,Medium,"Congested Signalized Intersection, Adverse Weather & Wet Pavement"
25.7_-80.2,25.700000000000003,-80.2,Miami,FL,Coral Way,326,1.9141104294478528,4,0.2883435582822086,0.2116564417177914,0.3803680981595092,0.4233128834355828,0.3006134969325153,7.594171779141104,8.463803680981595,0.1169325153374233,0.4110429447852761,0.3455052437631726,High,"Adverse Weather & Wet Pavement, Severe Rush Hour Peak"
25.7_-80.25,25.700000000000003,-80.25,Miami,FL,Collins Ave,124,1.9596774193548387,4,0.3387096774193548,0.2661290322580645,0.5645161290322581,0.3790322580645161,0.22580645161290322,7.42016129032258,7.435483870967742,0.0935483870967742,0.3951612903225806,0.21259001672749822,Medium,"Congested Signalized Intersection, Adverse Weather & Wet Pavement"
25.7_-80.3,25.700000000000003,-80.30000000000001,Miami,FL,Brickell Ave,11,1.7272727272727273,3,0.18181818181818182,0.45454545454545453,0.6363636363636364,0.36363636363636365,0.09090909090909091,8.145454545454546,6.045454545454546,0.11727272727272728,0.18181818181818182,0.10385043088231997,Low,"Congested Signalized Intersection, Severe Rush Hour Peak"
25.85_-80.1,25.85,-80.10000000000001,Miami,FL,Brickell Ave,9,1.8888888888888888,4,0.0,0.3333333333333333,0.3333333333333333,0.3333333333333333,0.2222222222222222,6.766666666666667,7.522222222222222,0.15777777777777777,0.4444444444444444,0.12402310563496934,Low,Adverse Weather & Wet Pavement
25.85_-80.15,25.85,-80.15,Miami,FL,Coral Way,65,1.7692307692307692,4,0.24615384615384617,0.13846153846153847,0.5230769230769231,0.36923076923076925,0.26153846153846155,8.0,8.424615384615384,0.08415384615384615,0.4153846153846154,0.14660079977757046,Low,"Congested Signalized Intersection, Adverse Weather & Wet Pavement"
25.85_-80.2,25.85,-80.2,Miami,FL,SR-836 W Dolphin Expy,97,1.7731958762886597,4,0.29896907216494845,0.18556701030927836,0.36082474226804123,0.3917525773195876,0.26804123711340205,8.179381443298968,7.169072164948453,0.07329896907216495,0.31958762886597936,0.16914782934227424,Low,"Adverse Weather & Wet Pavement, Severe Rush Hour Peak"
25.85_-80.25,25.85,-80.25,Miami,FL,SR-826 Palmetto Expy,38,2.0526315789473686,4,0.42105263157894735,0.13157894736842105,0.2894736842105263,0.42105263157894735,0.13157894736842105,7.4868421052631575,4.910526315789474,0.10710526315789472,0.47368421052631576,0.16580959274249993,Low,"Complex Highway Junction, Adverse Weather & Wet Pavement"
25.85_-80.3,25.85,-80.30000000000001,Miami,FL,MacArthur Cswy,2,3.5,4,1.0,0.5,0.5,1.0,0.0,9.3,0.8,0.0,0.5,0.33402140661671686,Medium,"Complex Highway Junction, Congested Signalized Intersection"
25.8_-80.05,25.8,-80.05000000000001,Miami,FL,Coral Way,4,1.5,3,0.0,0.25,0.5,0.0,0.0,7.2,12.375,0.05,0.5,0.06873088682792831,Low,"Congested Signalized Intersection, Adverse Weather & Wet Pavement"
25.8_-80.1,25.8,-80.10000000000001,Miami,FL,MacArthur Cswy,58,1.9655172413793103,4,0.20689655172413793,0.20689655172413793,0.43103448275862066,0.5,0.20689655172413793,7.253448275862069,7.174137931034483,0.13689655172413795,0.5,0.1679558156271897,Low,"Congested Signalized Intersection, Adverse Weather & Wet Pavement"
25.8_-80.15,25.8,-80.15,Miami,FL,Biscayne Blvd,360,1.9416666666666667,4,0.26666666666666666,0.20277777777777778,0.37222222222222223,0.42777777777777776,0.3194444444444444,7.315833333333333,7.411944444444445,0.1175,0.43333333333333335,0.37257390413727365,High,"Adverse Weather & Wet Pavement, Severe Rush Hour Peak"
25.8_-80.2,25.8,-80.2,Miami,FL,SW 8th St (Calle Ocho),560,1.9303571428571429,4,0.2857142857142857,0.2517857142857143,0.41964285714285715,0.41964285714285715,0.29285714285714287,7.50125,7.901964285714286,0.10373214285714287,0.42142857142857143,0.5086806465287645,High,"Congested Signalized Intersection, Adverse Weather & Wet Pavement"
25.8_-80.25,25.8,-80.25,Miami,FL,MacArthur Cswy,214,1.808411214953271,4,0.26635514018691586,0.29439252336448596,0.40186915887850466,0.3878504672897196,0.2897196261682243,7.814953271028037,7.092990654205608,0.07537383177570094,0.35046728971962615,0.25434779498519494,Medium,"Congested Signalized Intersection, Adverse Weather & Wet Pavement"
25.8_-80.3,25.8,-80.30000000000001,Miami,FL,Coral Way,26,2.0384615384615383,4,0.19230769230769232,0.19230769230769232,0.6153846153846154,0.3076923076923077,0.46153846153846156,6.857692307692308,8.830769230769231,0.17923076923076925,0.5769230769230769,0.1556633732777502,Low,"Congested Signalized Intersection, Adverse Weather & Wet Pavement"
25.8_-80.35,25.8,-80.35000000000001,Miami,FL,Collins Ave,2,1.5,2,0.0,0.0,0.5,0.0,0.5,9.649999999999999,5.8,0.0,0.0,0.06735474003893907,Low,Congested Signalized Intersection
25.95_-80.25,25.950000000000003,-80.25,Miami,FL,NW 27th Ave,1,4.0,4,1.0,0.0,0.0,1.0,1.0,4.4,16.7,0.2,1.0,0.3999999998666667,High,"Complex Highway Junction, Adverse Weather & Wet Pavement"
25.9_-80.15,25.900000000000002,-80.15,Miami,FL,Collins Ave,2,3.0,4,0.5,0.0,0.0,0.5,0.0,3.4,6.15,0.495,1.0,0.2673547399722724,Medium,"Complex Highway Junction, Adverse Weather & Wet Pavement"
25.9_-80.2,25.900000000000002,-80.2,Miami,FL,Collins Ave,3,1.3333333333333333,2,0.0,0.0,0.0,1.0,0.6666666666666666,9.1,6.8,0.0,0.3333333333333333,0.045820591218618874,Low,"Adverse Weather & Wet Pavement, Severe Rush Hour Peak"
25.9_-80.25,25.900000000000002,-80.25,Miami,FL,MacArthur Cswy,2,1.5,2,0.5,0.0,0.5,0.0,0.5,8.95,16.95,0.0,0.0,0.06735474003893907,Low,"Complex Highway Junction, Congested Signalized Intersection"
29.65_-95.3,29.650000000000002,-95.30000000000001,Houston,TX,Beltway 8 Sam Houston Tollway,4,1.25,2,0.25,0.25,0.5,0.0,0.5,9.1,3.475,0.0,0.0,0.03539755350570609,Low,Congested Signalized Intersection
29.65_-95.35,29.650000000000002,-95.35000000000001,Houston,TX,Richmond Ave,23,1.9130434782608696,4,0.21739130434782608,0.17391304347826086,0.34782608695652173,0.391304347826087,0.21739130434782608,7.834782608695652,7.217391304347826,0.07434782608695653,0.2608695652173913,0.13687674507308462,Low,"Adverse Weather & Wet Pavement, Severe Rush Hour Peak"
29.65_-95.4,29.650000000000002,-95.4,Houston,TX,Beltway 8 Sam Houston Tollway,27,1.962962962962963,4,0.3333333333333333,0.14814814814814814,0.37037037037037035,0.4074074074074074,0.4444444444444444,7.7,8.185185185185185,0.10777777777777778,0.4074074074074074,0.14628496994245693,Low,"Adverse Weather & Wet Pavement, Severe Rush Hour Peak"
29.65_-95.45,29.650000000000002,-95.45,Houston,TX,I-610 Loop W,4,2.75,4,0.5,0.0,0.25,0.75,0.25,4.4,7.325,0.2975,0.75,0.23539755343903945,Medium,"Complex Highway Junction, Adverse Weather & Wet Pavement"
29.6_-95.3,29.6,-95.30000000000001,Houston,TX,Main St,1,3.0,3,1.0,0.0,1.0,0.0,1.0,4.7,13.8,0.01,1.0,0.26666666657777777,Medium,"Complex Highway Junction, Congested Signalized Intersection"
29.6_-95.35,29.6,-95.35000000000001,Houston,TX,Westheimer Rd,1,1.0,1,1.0,0.0,1.0,1.0,1.0,8.5,0.6,0.0,0.0,0.0,Low,"Complex Highway Junction, Congested Signalized Intersection"
29.75_-95.2,29.75,-95.2,Houston,TX,US-59 S Southwest Fwy,1,3.0,3,1.0,0.0,0.0,0.0,0.0,2.0,7.0,0.53,1.0,0.26666666657777777,Medium,"Complex Highway Junction, Adverse Weather & Wet Pavement"
29.75_-95.25,29.75,-95.25,Houston,TX,I-610 Loop W,12,2.0,3,0.16666666666666666,0.16666666666666666,0.4166666666666667,0.3333333333333333,0.5,7.808333333333334,6.516666666666667,0.10916666666666668,0.3333333333333333,0.14090214062832973,Low,"Congested Signalized Intersection, Adverse Weather & Wet Pavement"
29.75_-95.3,29.75,-95.30000000000001,Houston,TX,I-45 N North Fwy,230,2.017391304347826,4,0.3130434782608696,0.2,0.36086956521739133,0.4391304347826087,0.2826086956521739,7.526086956521739,7.622173913043478,0.1,0.41304347826086957,0.29322098120709494,Medium,"Adverse Weather & Wet Pavement, Severe Rush Hour Peak"
29.75_-95.35,29.75,-95.35000000000001,Houston,TX,Gessner Rd,779,1.9409499358151476,4,0.2991014120667522,0.17458279845956354,0.362002567394095,0.4030808729139923,0.29653401797175866,7.5071887034659825,7.575353016688061,0.10653401797175865,0.3992297817715019,0.660781092317017,High,"Adverse Weather & Wet Pavement, Severe Rush Hour Peak"
29.75_-95.4,29.75,-95.4,Houston,TX,I-45 N North Fwy,651,1.858678955453149,4,0.29185867895545314,0.17511520737327188,0.3563748079877112,0.39477726574500765,0.29339477726574503,7.721505376344086,7.545775729646698,0.09376344086021506,0.38095238095238093,0.5617382337770951,High,"Adverse Weather & Wet Pavement, Severe Rush Hour Peak"
29.75_-95.45,29.75,-95.45,Houston,TX,Veterans Memorial Dr,145,1.910344827586207,4,0.2,0.18620689655172415,0.3103448275862069,0.42758620689655175,0.30344827586206896,7.38896551724138,8.903448275862068,0.11241379310344828,0.45517241379310347,0.22046187911159365,Medium,"Adverse Weather & Wet Pavement, Severe Rush Hour Peak"
29.75_-95.5,29.75,-95.5,Houston,TX,Main St,9,2.0,4,0.4444444444444444,0.1111111111111111,0.4444444444444444,0.3333333333333333,0.2222222222222222,7.477777777777778,5.655555555555555,0.20777777777777778,0.3333333333333333,0.13883792044484589,Low,"Complex Highway Junction, Congested Signalized Intersection"
29.7_-95.25,29.700000000000003,-95.25,Houston,TX,Richmond Ave,6,2.5,4,0.3333333333333333,0.16666666666666666,0.5,0.6666666666666666,0.16666666666666666,6.983333333333333,4.3,0.01,0.3333333333333333,0.20344036690580647,Medium,"Congested Signalized Intersection, Adverse Weather & Wet Pavement"
29.7_-95.3,29.700000000000003,-95.30000000000001,Houston,TX,Gessner Rd,90,1.9222222222222223,4,0.25555555555555554,0.2,0.4777777777777778,0.36666666666666664,0.34444444444444444,7.8711111111111105,8.447777777777777,0.09122222222222223,0.32222222222222224,0.18420149503199681,Medium,"Congested Signalized Intersection, Adverse Weather & Wet Pavement"
29.7_-95.35,29.700000000000003,-95.35000000000001,Houston,TX,Gessner Rd,307,1.9706840390879479,4,0.30944625407166126,0.21498371335504887,0.3583061889250814,0.41042345276872966,0.3355048859934853,7.48729641693811,8.261889250814333,0.08690553745928338,0.41042345276872966,0.3399749972172731,Medium,"Adverse Weather & Wet Pavement, Severe Rush Hour Peak"
29.7_-95.4,29.700000000000003,-95.4,Houston,TX,Beltway 8 Sam Houston Tollway,249,2.1285140562248994,4,0.2891566265060241,0.2289156626506024,0.3895582329317269,0.40963855421686746,0.25301204819277107,7.265060240963855,8.123293172690763,0.12192771084337349,0.44176706827309237,0.3211107426144971,Medium,"Adverse Weather & Wet Pavement, Severe Rush Hour Peak"
29.7_-95.45,29.700000000000003,-95.45,Houston,TX,I-10 E Katy Fwy,52,1.6730769230769231,4,0.25,0.17307692307692307,0.3269230769230769,0.3269230769230769,0.2692307692307692,8.386538461538462,5.9192307692307695,0.05653846153846154,0.34615384615384615,0.12483533283290105,Low,Adverse Weather & Wet Pavement
29.7_-95.5,29.700000000000003,-95.5,Houston,TX,Richmond Ave,2,1.5,2,0.5,0.0,0.5,0.5,0.0,9.2,1.5,0.0,0.0,0.06735474003893907,Low,"Complex Highway Junction, Congested Signalized Intersection"
29.85_-95.25,29.85,-95.25,Houston,TX,I-10 E Katy Fwy,5,1.8,2,0.6,0.0,0.4,0.4,0.6,8.18,4.16,0.15,0.2,0.10941896020908962,Low,"Complex Highway Junction, Severe Rush Hour Peak"
29.85_-95.3,29.85,-95.30000000000001,Houston,TX,US-59 S Southwest Fwy,21,2.142857142857143,4,0.2857142857142857,0.14285714285714285,0.3333333333333333,0.42857142857142855,0.23809523809523808,7.066666666666667,6.371428571428572,0.11952380952380952,0.42857142857142855,0.16614242022005118,Low,"Adverse Weather & Wet Pavement, Severe Rush Hour Peak"
29.85_-95.35,29.85,-95.35000000000001,Houston,TX,Gessner Rd,71,1.943661971830986,4,0.323943661971831,0.15492957746478872,0.39436619718309857,0.4225352112676056,0.30985915492957744,7.302816901408451,8.174647887323943,0.07042253521126761,0.3380281690140845,0.1739867338168146,Low,"Adverse Weather & Wet Pavement, Severe Rush Hour Peak"
29.85_-95.4,29.85,-95.4,Houston,TX,Gessner Rd,67,2.074626865671642,4,0.3582089552238806,0.22388059701492538,0.40298507462686567,0.5074626865671642,0.23880597014925373,7.523880597014926,8.029850746268657,0.12402985074626867,0.417910447761194,0.1886964260784362,Medium,"Complex Highway Junction, Congested Signalized Intersection"
29.85_-95.45,29.85,-95.45,Houston,TX,US-59 S Southwest Fwy,17,2.3529411764705883,4,0.35294117647058826,0.058823529411764705,0.23529411764705882,0.6470588235294118,0.47058823529411764,6.341176470588235,4.735294117647059,0.18705882352941178,0.5294117647058824,0.19140133111452837,Medium,"Complex Highway Junction, Adverse Weather & Wet Pavement"
29.85_-95.5,29.85,-95.5,Houston,TX,Veterans Memorial Dr,2,2.0,3,1.0,0.5,1.0,0.0,0.0,7.4,3.6999999999999997,0.025,0.5,0.1340214066833835,Low,"Complex Highway Junction, Congested Signalized Intersection"
29.8_-95.25,29.8,-95.25,Houston,TX,I-610 Loop W,10,1.8,4,0.2,0.2,0.3,0.5,0.4,8.0,5.88,0.171,0.4,0.11285932718156273,Low,"Adverse Weather & Wet Pavement, Severe Rush Hour Peak"
29.8_-95.3,29.8,-95.30000000000001,Houston,TX,I-10 E Katy Fwy,146,1.7945205479452055,4,0.2876712328767123,0.21232876712328766,0.363013698630137,0.3424657534246575,0.2602739726027397,7.89931506849315,7.189041095890411,0.06924657534246575,0.410958904109589,0.20570671522576917,Medium,Adverse Weather & Wet Pavement
29.8_-95.35,29.8,-95.35000000000001,Houston,TX,Gessner Rd,524,1.9408396946564885,4,0.32251908396946566,0.20038167938931298,0.3797709923664122,0.42748091603053434,0.29389312977099236,7.496374045801526,7.6498091603053435,0.1167557251908397,0.4179389312977099,0.4853076778997383,High,"Adverse Weather & Wet Pavement, Severe Rush Hour Peak"
29.8_-95.4,29.8,-95.4,Houston,TX,Veterans Memorial Dr,429,1.965034965034965,4,0.3076923076923077,0.20745920745920746,0.3613053613053613,0.4219114219114219,0.27972027972027974,7.462237762237763,8.374358974358975,0.11358974358974358,0.41025641025641024,0.4231667414721372,High,"Adverse Weather & Wet Pavement, Severe Rush Hour Peak"
29.8_-95.45,29.8,-95.45,Houston,TX,I-610 Loop W,100,2.04,4,0.28,0.19,0.41,0.39,0.32,7.495,8.89,0.10310000000000001,0.38,0.20678593267541218,Medium,"Congested Signalized Intersection, Adverse Weather & Wet Pavement"
29.8_-95.5,29.8,-95.5,Houston,TX,US-59 S Southwest Fwy,7,2.4285714285714284,4,0.42857142857142855,0.0,0.2857142857142857,0.2857142857142857,0.2857142857142857,7.128571428571428,6.757142857142857,0.25,0.5714285714285714,0.19460463077966614,Medium,"Complex Highway Junction, Adverse Weather & Wet Pavement"
29.9_-95.35,29.900000000000002,-95.35000000000001,Houston,TX,I-610 Loop W,5,2.4,4,0.6,0.0,0.4,0.4,0.6,7.38,16.9,0.184,0.6,0.1894189601824229,Medium,"Complex Highway Junction, Adverse Weather & Wet Pavement"
29.9_-95.4,29.900000000000002,-95.4,Houston,TX,Beltway 8 Sam Houston Tollway,3,2.0,3,0.6666666666666666,0.3333333333333333,0.3333333333333333,0.3333333333333333,0.0,8.200000000000001,2.3,0.08,0.6666666666666666,0.13470948007787814,Low,"Complex Highway Junction, Adverse Weather & Wet Pavement"
32.65_-96.7,32.65,-96.7,Dallas,TX,Oak Lawn Ave,1,1.0,1,0.0,0.0,1.0,0.0,1.0,4.5,5.4,0.88,1.0,0.0,Low,"Congested Signalized Intersection, Adverse Weather & Wet Pavement"
32.65_-96.75,32.65,-96.75,Dallas,TX,Commerce St,10,2.2,4,0.2,0.3,0.5,0.5,0.1,6.17,7.639999999999999,0.124,0.6,0.1661926604971183,Low,"Congested Signalized Intersection, Adverse Weather & Wet Pavement"
32.65_-96.8,32.65,-96.80000000000001,Dallas,TX,Commerce St,12,2.0,4,0.3333333333333333,0.25,0.5,0.6666666666666666,0.08333333333333333,7.641666666666667,11.075000000000001,0.08583333333333333,0.3333333333333333,0.14090214062832973,Low,"Congested Signalized Intersection, Adverse Weather & Wet Pavement"
32.65_-96.85,32.65,-96.85000000000001,Dallas,TX,Greenville Ave,11,2.090909090909091,4,0.09090909090909091,0.09090909090909091,0.45454545454545453,0.6363636363636364,0.36363636363636365,6.881818181818182,14.581818181818182,0.12363636363636363,0.6363636363636364,0.15233527935100682,Low,"Congested Signalized Intersection, Adverse Weather & Wet Pavement"
32.65_-96.9,32.65,-96.9,Dallas,TX,Northwest Hwy,1,2.0,2,0.0,0.0,1.0,0.0,1.0,8.3,6.3,0.0,0.0,0.13333333328888888,Low,Congested Signalized Intersection
32.6_-96.8,32.6,-96.80000000000001,Dallas,TX,US-75 N Central Expy,1,3.0,3,0.0,0.0,0.0,0.0,0.0,4.0,9.5,0.16,1.0,0.26666666657777777,Medium,"Adverse Weather & Wet Pavement, Frequent Low Visibility"
32.75_-96.65,32.75,-96.65,Dallas,TX,I-635 LBJ Fwy,1,1.0,1,0.0,0.0,0.0,1.0,0.0,8.7,31.0,0.0,0.0,0.0,Low,Severe Rush Hour Peak
32.75_-96.7,32.75,-96.7,Dallas,TX,Greenville Ave,59,1.8305084745762712,4,0.2542372881355932,0.2542372881355932,0.3898305084745763,0.3559322033898305,0.288135593220339,8.152542372881356,8.261016949152541,0.08457627118644068,0.3559322033898305,0.15064272012061283,Low,"Adverse Weather & Wet Pavement, Severe Rush Hour Peak"
32.75_-96.75,32.75,-96.75,Dallas,TX,I-30 E Tom Landry Fwy,350,1.9457142857142857,4,0.34,0.1742857142857143,0.35428571428571426,0.4342857142857143,0.2714285714285714,7.632571428571429,7.133714285714286,0.10859999999999999,0.4228571428571429,0.36623285273183004,High,"Adverse Weather & Wet Pavement, Severe Rush Hour Peak"
32.75_-96.8,32.75,-96.80000000000001,Dallas,TX,I-35E S Stemmons Fwy,735,1.978231292517007,4,0.3142857142857143,0.14421768707482993,0.37142857142857144,0.43673469387755104,0.3047619047619048,7.591972789115647,7.477687074829933,0.09540136054421769,0.3673469387755102,0.6354767105178445,High,"Adverse Weather & Wet Pavement, Severe Rush Hour Peak"
32.75_-96.85,32.75,-96.85000000000001,Dallas,TX,I-635 LBJ Fwy,350,1.9142857142857144,4,0.3142857142857143,0.18285714285714286,0.35714285714285715,0.4114285714285714,0.28285714285714286,7.6662857142857135,8.264285714285714,0.08931428571428572,0.3914285714285714,0.36204237654275073,High,"Adverse Weather & Wet Pavement, Severe Rush Hour Peak"
32.75_-96.9,32.75,-96.9,Dallas,TX,I-30 E Tom Landry Fwy,41,1.8780487804878048,4,0.24390243902439024,0.21951219512195122,0.2682926829268293,0.34146341463414637,0.3170731707317073,7.285365853658536,8.990243902439024,0.1402439024390244,0.43902439024390244,0.14459610647246787,Low,Adverse Weather & Wet Pavement
32.75_-96.95,32.75,-96.95,Dallas,TX,I-30 E Tom Landry Fwy,2,1.5,2,0.5,0.0,0.5,0.0,0.0,8.55,2.15,0.0,0.5,0.06735474003893907,Low,"Complex Highway Junction, Congested Signalized Intersection"
32.7_-96.65,32.7,-96.65,Dallas,TX,Harry Hines Blvd,1,2.0,2,0.0,0.0,1.0,1.0,0.0,9.4,1.5,0.0,0.0,0.13333333328888888,Low,"Congested Signalized Intersection, Severe Rush Hour Peak"
32.7_-96.7,32.7,-96.7,Dallas,TX,I-635 LBJ Fwy,20,2.05,4,0.25,0.05,0.55,0.45,0.3,7.975,7.6,0.042499999999999996,0.4,0.15307339444873116,Low,"Congested Signalized Intersection, Adverse Weather & Wet Pavement"
32.7_-96.75,32.7,-96.75,Dallas,TX,Oak Lawn Ave,93,1.7741935483870968,4,0.27956989247311825,0.3118279569892473,0.3978494623655914,0.41935483870967744,0.3225806451612903,8.112903225806452,7.1645161290322585,0.0750537634408602,0.3118279569892473,0.16652855871070968,Low,"Adverse Weather & Wet Pavement, Severe Rush Hour Peak"
32.7_-96.8,32.7,-96.80000000000001,Dallas,TX,Northwest Hwy,159,2.006289308176101,4,0.3018867924528302,0.20125786163522014,0.42138364779874216,0.3710691823899371,0.34591194968553457,7.440880503144654,7.622012578616353,0.09132075471698113,0.4528301886792453,0.24288750404224002,Medium,"Congested Signalized Intersection, Adverse Weather & Wet Pavement"
32.7_-96.85,32.7,-96.85000000000001,Dallas,TX,US-75 N Central Expy,81,1.728395061728395,4,0.30864197530864196,0.1728395061728395,0.4567901234567901,0.35802469135802467,0.2345679012345679,7.908641975308642,6.877777777777778,0.07037037037037037,0.38271604938271603,0.1521652130909828,Low,"Congested Signalized Intersection, Adverse Weather & Wet Pavement"
32.7_-96.9,32.7,-96.9,Dallas,TX,Loop 12 S,9,1.7777777777777777,3,0.3333333333333333,0.1111111111111111,0.4444444444444444,0.4444444444444444,0.3333333333333333,6.822222222222223,5.877777777777777,0.24444444444444446,0.4444444444444444,0.10920829082509279,Low,"Congested Signalized Intersection, Adverse Weather & Wet Pavement"
32.85_-96.7,32.85,-96.7,Dallas,TX,Greenville Ave,15,2.1333333333333333,4,0.26666666666666666,0.26666666666666666,0.4,0.6,0.2,6.74,9.746666666666666,0.14533333333333334,0.4666666666666667,0.16074413858366546,Low,"Adverse Weather & Wet Pavement, Severe Rush Hour Peak"
32.85_-96.75,32.85,-96.75,Dallas,TX,I-30 E Tom Landry Fwy,93,2.010752688172043,4,0.27956989247311825,0.22580645161290322,0.3010752688172043,0.43010752688172044,0.3548387096774194,7.6,8.298924731182796,0.08150537634408603,0.40860215053763443,0.19806977733818876,Medium,"Adverse Weather & Wet Pavement, Severe Rush Hour Peak"
32.85_-96.8,32.85,-96.80000000000001,Dallas,TX,I-30 E Tom Landry Fwy,202,1.9851485148514851,4,0.32673267326732675,0.15346534653465346,0.3069306930693069,0.40594059405940597,0.2376237623762376,7.6217821782178214,8.095049504950495,0.08371287128712872,0.41089108910891087,0.2696558875631664,Medium,"Adverse Weather & Wet Pavement, Severe Rush Hour Peak"
32.85_-96.85,32.85,-96.85000000000001,Dallas,TX,I-30 E Tom Landry Fwy,114,1.9824561403508771,4,0.32456140350877194,0.20175438596491227,0.40350877192982454,0.39473684210526316,0.23684210526315788,7.578070175438596,6.936842105263158,0.08298245614035088,0.3684210526315789,0.20874644558101138,Medium,"Congested Signalized Intersection, Adverse Weather & Wet Pavement"
32.85_-96.9,32.85,-96.9,Dallas,TX,Harry Hines Blvd,10,2.2,4,0.4,0.0,0.2,0.6,0.2,7.38,7.140000000000001,0.088,0.5,0.1661926604971183,Low,"Complex Highway Junction, Adverse Weather & Wet Pavement"
32.8_-96.65,32.800000000000004,-96.65,Dallas,TX,I-30 E Tom Landry Fwy,3,2.3333333333333335,3,0.3333333333333333,0.0,0.3333333333333333,1.0,0.0,9.033333333333333,1.2,0.0,0.0,0.1791539245075078,Medium,Severe Rush Hour Peak
32.8_-96.7,32.800000000000004,-96.7,Dallas,TX,I-35E S Stemmons Fwy,50,2.0,4,0.26,0.18,0.4,0.46,0.42,7.1979999999999995,8.064,0.1442,0.42,0.16704892961912546,Low,"Adverse Weather & Wet Pavement, Severe Rush Hour Peak"
32.8_-96.75,32.800000000000004,-96.75,Dallas,TX,US-75 N Central Expy,372,1.9193548387096775,4,0.3387096774193548,0.1989247311827957,0.3548387096774194,0.45161290322580644,0.30913978494623656,7.626881720430107,8.191935483870967,0.08715053763440861,0.40860215053763443,0.37785587447793556,High,"Adverse Weather & Wet Pavement, Severe Rush Hour Peak"
32.8_-96.8,32.800000000000004,-96.80000000000001,Dallas,TX,Loop 12 S,788,1.9137055837563453,4,0.31091370558375636,0.14974619289340102,0.3870558375634518,0.4416243654822335,0.2715736040609137,7.6904822335025385,7.426015228426396,0.09421319796954314,0.39086294416243655,0.6633411725941725,High,"Adverse Weather & Wet Pavement, Severe Rush Hour Peak"
32.8_-96.85,32.800000000000004,-96.85000000000001,Dallas,TX,US-75 N Central Expy,351,1.9116809116809117,4,0.2849002849002849,0.18803418803418803,0.3903133903133903,0.39316239316239315,0.2905982905982906,7.5413105413105415,7.695441595441595,0.10723646723646724,0.39886039886039887,0.3623831429233874,High,"Adverse Weather & Wet Pavement, Severe Rush Hour Peak"
32.8_-96.9,32.800000000000004,-96.9,Dallas,TX,I-35E S Stemmons Fwy,36,2.0555555555555554,4,0.3611111111111111,0.2777777777777778,0.3888888888888889,0.5277777777777778,0.3055555555555556,7.486111111111111,7.919444444444445,0.09527777777777778,0.4166666666666667,0.16482330950113896,Low,"Complex Highway Junction, Adverse Weather & Wet Pavement"
32.8_-96.95,32.800000000000004,-96.95,Dallas,TX,I-35E S Stemmons Fwy,1,1.0,1,0.0,0.0,0.0,0.0,0.0,8.0,3.8,0.0,0.0,0.0,Low,Mixed Traffic Density
32.9_-96.7,32.9,-96.7,Dallas,TX,Greenville Ave,1,1.0,1,0.0,0.0,0.0,0.0,1.0,8.4,0.4,0.0,0.0,0.0,Low,Mixed Traffic Density
32.9_-96.75,32.9,-96.75,Dallas,TX,Harry Hines Blvd,7,2.0,4,0.42857142857142855,0.2857142857142857,0.5714285714285714,0.42857142857142855,0.2857142857142857,7.557142857142858,8.157142857142857,0.26571428571428574,0.5714285714285714,0.13746177365585663,Low,"Complex Highway Junction, Congested Signalized Intersection"
32.9_-96.8,32.9,-96.80000000000001,Dallas,TX,I-35E S Stemmons Fwy,18,2.2222222222222223,3,0.4444444444444444,0.16666666666666666,0.3888888888888889,0.3888888888888889,0.5,6.583333333333333,10.727777777777778,0.14833333333333332,0.5,0.17466021061505058,Low,"Complex Highway Junction, Adverse Weather & Wet Pavement"
32.9_-96.85,32.9,-96.85000000000001,Dallas,TX,I-30 E Tom Landry Fwy,2,1.5,2,1.0,0.5,1.0,0.5,0.0,9.55,2.15,0.0,0.0,0.06735474003893907,Low,"Complex Highway Junction, Congested Signalized Intersection"
33.65_-84.25,33.65,-84.25,Atlanta,GA,Piedmont Rd NE,1,4.0,4,0.0,0.0,1.0,1.0,0.0,5.8,6.4,0.05,1.0,0.3999999998666667,High,"Congested Signalized Intersection, Adverse Weather & Wet Pavement"
33.65_-84.3,33.65,-84.30000000000001,Atlanta,GA,MLK Jr Dr SW,9,1.6666666666666667,3,0.2222222222222222,0.5555555555555556,0.5555555555555556,0.6666666666666666,0.4444444444444444,9.055555555555555,4.8999999999999995,0.0,0.5555555555555556,0.09439347601521626,Low,"Congested Signalized Intersection, Adverse Weather & Wet Pavement"
33.65_-84.35,33.65,-84.35000000000001,Atlanta,GA,MLK Jr Dr SW,36,1.5277777777777777,4,0.19444444444444445,0.3055555555555556,0.4722222222222222,0.3611111111111111,0.3055555555555556,7.800000000000001,8.850000000000001,0.06361111111111112,0.3055555555555556,0.0944529391542254,Low,"Congested Signalized Intersection, Adverse Weather & Wet Pavement"
33.65_-84.4,33.65,-84.4,Atlanta,GA,I-75 S Downtown Connector,73,2.041095890410959,4,0.273972602739726,0.2328767123287671,0.4657534246575342,0.4383561643835616,0.273972602739726,7.008219178082192,7.002739726027397,0.12808219178082192,0.4383561643835616,0.18835406974546987,Medium,"Congested Signalized Intersection, Adverse Weather & Wet Pavement"
33.65_-84.45,33.65,-84.45,Atlanta,GA,I-75 S Downtown Connector,15,2.0,4,0.3333333333333333,0.06666666666666667,0.26666666666666666,0.26666666666666666,0.4666666666666667,7.913333333333333,9.633333333333333,0.12533333333333332,0.4,0.1429663608118136,Low,Adverse Weather & Wet Pavement
33.65_-84.5,33.65,-84.5,Atlanta,GA,Northside Dr NW,1,1.0,1,0.0,1.0,1.0,0.0,1.0,8.3,12.4,0.0,0.0,0.0,Low,Congested Signalized Intersection
33.6_-84.4,33.6,-84.4,Atlanta,GA,Piedmont Rd NE,1,2.0,2,0.0,0.0,0.0,0.0,1.0,5.0,17.1,0.08,1.0,0.13333333328888888,Low,"Adverse Weather & Wet Pavement, Frequent Low Visibility"
33.6_-84.45,33.6,-84.45,Atlanta,GA,I-75 S Downtown Connector,1,1.0,1,0.0,0.0,0.0,0.0,0.0,9.9,4.8,0.0,0.0,0.0,Low,Mixed Traffic Density
33.75_-84.25,33.75,-84.25,Atlanta,GA,Northside Dr NW,7,1.8571428571428572,3,0.42857142857142855,0.0,0.2857142857142857,0.42857142857142855,0.2857142857142857,8.328571428571427,6.414285714285714,0.10428571428571429,0.5714285714285714,0.11841415461458682,Low,"Complex Highway Junction, Adverse Weather & Wet Pavement"
33.75_-84.3,33.75,-84.30000000000001,Atlanta,GA,I-285 W Outer Loop,117,1.9487179487179487,4,0.29914529914529914,0.23931623931623933,0.4700854700854701,0.4444444444444444,0.2564102564102564,7.506837606837607,6.970940170940171,0.1094017094017094,0.4017094017094017,0.2063122402149376,Medium,"Congested Signalized Intersection, Adverse Weather & Wet Pavement"
33.75_-84.35,33.75,-84.35000000000001,Atlanta,GA,Piedmont Rd NE,590,1.9016949152542373,4,0.27288135593220336,0.2288135593220339,0.4101694915254237,0.36610169491525424,0.31186440677966104,7.438474576271186,7.752203389830509,0.1131864406779661,0.4322033898305085,0.525501218017823,High,"Congested Signalized Intersection, Adverse Weather & Wet Pavement"
33.75_-84.4,33.75,-84.4,Atlanta,GA,Peachtree St NE,824,1.904126213592233,4,0.3106796116504854,0.2099514563106796,0.4053398058252427,0.41140776699029125,0.27427184466019416,7.581917475728155,8.024150485436893,0.10004854368932038,0.4016990291262136,0.6868345654411898,High,"Congested Signalized Intersection, Adverse Weather & Wet Pavement"
33.75_-84.45,33.75,-84.45,Atlanta,GA,MLK Jr Dr SW,306,1.8431372549019607,4,0.2679738562091503,0.22549019607843138,0.4117647058823529,0.39869281045751637,0.28104575163398693,7.477124183006536,7.590522875816993,0.1061437908496732,0.38562091503267976,0.3222806859369823,Medium,"Congested Signalized Intersection, Adverse Weather & Wet Pavement"
33.75_-84.5,33.75,-84.5,Atlanta,GA,Cobb Pkwy SE,25,1.92,4,0.24,0.08,0.44,0.44,0.2,7.672000000000001,6.948,0.1208,0.36,0.13918042809364875,Low,"Congested Signalized Intersection, Adverse Weather & Wet Pavement"
33.7_-84.25,33.7,-84.25,Atlanta,GA,Buford Hwy NE,5,1.6,3,0.2,0.2,0.4,0.4,0.8,7.68,13.4,0.096,0.2,0.08275229355131185,Low,Severe Rush Hour Peak
33.7_-84.3,33.7,-84.30000000000001,Atlanta,GA,Buford Hwy NE,46,1.826086956521739,4,0.2391304347826087,0.34782608695652173,0.5652173913043478,0.34782608695652173,0.30434782608695654,7.608695652173913,8.008695652173913,0.11543478260869565,0.5217391304347826,0.14110823025177496,Low,"Congested Signalized Intersection, Adverse Weather & Wet Pavement"
33.7_-84.35,33.7,-84.35000000000001,Atlanta,GA,I-285 W Outer Loop,291,1.9415807560137457,4,0.27491408934707906,0.21305841924398625,0.422680412371134,0.4329896907216495,0.2646048109965636,7.508247422680412,7.157731958762887,0.08745704467353951,0.41237113402061853,0.32508538516342567,Medium,"Congested Signalized Intersection, Adverse Weather & Wet Pavement"
33.7_-84.4,33.7,-84.4,Atlanta,GA,I-75 S Downtown Connector,431,1.9303944315545243,4,0.31554524361948955,0.24361948955916474,0.35266821345707655,0.4245939675174014,0.29698375870069604,7.4972157772621815,7.6120649651972165,0.120046403712297,0.4385150812064965,0.41992415046527387,High,"Adverse Weather & Wet Pavement, Severe Rush Hour Peak"
33.7_-84.45,33.7,-84.45,Atlanta,GA,I-285 W Outer Loop,176,1.8409090909090908,4,0.2897727272727273,0.23863636363636365,0.44886363636363635,0.4034090909090909,0.2784090909090909,7.926704545454545,7.433522727272727,0.09011363636363635,0.36363636363636365,0.23253405612039751,Medium,"Congested Signalized Intersection, Adverse Weather & Wet Pavement"
33.7_-84.5,33.7,-84.5,Atlanta,GA,I-75 S Downtown Connector,16,2.125,4,0.5,0.125,0.375,0.3125,0.125,7.05625,10.30625,0.045625,0.4375,0.16032110086741935,Low,"Complex Highway Junction, Adverse Weather & Wet Pavement"
33.85_-84.3,33.85,-84.30000000000001,Atlanta,GA,I-85 N at Exit 87,4,1.75,3,0.5,0.0,0.0,0.5,0.0,7.375,5.675,0.0325,0.5,0.10206422015015054,Low,"Complex Highway Junction, Adverse Weather & Wet Pavement"
33.85_-84.35,33.85,-84.35000000000001,Atlanta,GA,Cobb Pkwy SE,40,2.05,4,0.325,0.3,0.4,0.475,0.25,7.0175,5.3375,0.08299999999999999,0.45,0.16683486233862363,Low,"Adverse Weather & Wet Pavement, Severe Rush Hour Peak"
33.85_-84.4,33.85,-84.4,Atlanta,GA,I-285 W Outer Loop,54,1.9444444444444444,4,0.35185185185185186,0.25925925925925924,0.37037037037037035,0.48148148148148145,0.4074074074074074,8.031481481481482,8.516666666666666,0.0938888888888889,0.3333333333333333,0.1623938157921657,Low,"Complex Highway Junction, Adverse Weather & Wet Pavement"
33.85_-84.45,33.85,-84.45,Atlanta,GA,Piedmont Rd NE,19,1.6842105263157894,3,0.15789473684210525,0.2631578947368421,0.6842105263157895,0.15789473684210525,0.15789473684210525,7.394736842105263,7.242105263157894,0.1431578947368421,0.3157894736842105,0.10361339124593247,Low,"Congested Signalized Intersection, Adverse Weather & Wet Pavement"
33.8_-84.25,33.800000000000004,-84.25,Atlanta,GA,Cobb Pkwy SE,1,3.0,3,0.0,0.0,0.0,0.0,0.0,6.5,47.4,0.18,1.0,0.26666666657777777,Medium,Adverse Weather & Wet Pavement
33.8_-84.3,33.800000000000004,-84.30000000000001,Atlanta,GA,I-85 N at Exit 87,36,1.8888888888888888,4,0.3055555555555556,0.1388888888888889,0.3333333333333333,0.4166666666666667,0.4166666666666667,7.594444444444444,9.555555555555555,0.10972222222222222,0.3888888888888889,0.14260108728632417,Low,"Adverse Weather & Wet Pavement, Severe Rush Hour Peak"
33.8_-84.35,33.800000000000004,-84.35000000000001,Atlanta,GA,MLK Jr Dr SW,313,1.792332268370607,4,0.28115015974440893,0.19808306709265175,0.41214057507987223,0.3738019169329074,0.25878594249201275,7.642172523961661,7.3498402555910545,0.0976038338658147,0.3738019169329074,0.3203232014965221,Medium,"Congested Signalized Intersection, Adverse Weather & Wet Pavement"
33.8_-84.4,33.800000000000004,-84.4,Atlanta,GA,I-285 W Outer Loop,411,1.8418491484184916,4,0.2798053527980535,0.19464720194647203,0.3746958637469586,0.38929440389294406,0.2895377128953771,7.790024330900243,7.704136253041363,0.0813625304136253,0.36982968369829683,0.39435664482784577,High,"Adverse Weather & Wet Pavement, Severe Rush Hour Peak"
33.8_-84.45,33.800000000000004,-84.45,Atlanta,GA,MLK Jr Dr SW,133,1.9699248120300752,4,0.3007518796992481,0.2556390977443609,0.43609022556390975,0.39097744360902253,0.3082706766917293,7.756390977443608,7.929323308270676,0.10097744360902255,0.37593984962406013,0.22014899630085927,Medium,"Congested Signalized Intersection, Adverse Weather & Wet Pavement"
33.8_-84.5,33.800000000000004,-84.5,Atlanta,GA,I-285 W Outer Loop,12,1.75,4,0.25,0.16666666666666666,0.4166666666666667,0.3333333333333333,0.3333333333333333,8.058333333333334,5.449999999999999,0.04666666666666667,0.25,0.10756880730610753,Low,Congested Signalized Intersection
33.95_-118.15,33.95,-118.15,Los Angeles,CA,I-110 N Harbor Fwy,4,1.0,1,0.0,0.0,0.25,0.5,0.25,8.85,4.525,0.0,0.0,0.002064220183483871,Low,Severe Rush Hour Peak
33.95_-118.2,33.95,-118.2,Los Angeles,CA,Western Ave,29,1.8620689655172413,4,0.4482758620689655,0.1724137931034483,0.3793103448275862,0.41379310344827586,0.3448275862068966,8.203448275862069,7.462068965517242,0.038965517241379304,0.3793103448275862,0.13420858374316746,Low,"Complex Highway Junction, Adverse Weather & Wet Pavement"
33.95_-118.25,33.95,-118.25,Los Angeles,CA,I-5 S Golden State Fwy,44,1.5681818181818181,4,0.22727272727272727,0.13636363636363635,0.25,0.36363636363636365,0.18181818181818182,8.331818181818182,7.134090909090909,0.09250000000000001,0.3181818181818182,0.10534473169559205,Low,"Adverse Weather & Wet Pavement, Severe Rush Hour Peak"
33.95_-118.3,33.95,-118.30000000000001,Los Angeles,CA,Western Ave,17,1.6470588235294117,4,0.29411764705882354,0.11764705882352941,0.4117647058823529,0.5294117647058824,0.35294117647058826,8.352941176470589,5.5058823529411764,0.022941176470588236,0.4117647058823529,0.09728368408707737,Low,"Congested Signalized Intersection, Adverse Weather & Wet Pavement"
33.95_-118.35,33.95,-118.35000000000001,Los Angeles,CA,I-5 S Golden State Fwy,3,1.6666666666666667,2,0.0,0.0,0.3333333333333333,0.3333333333333333,0.6666666666666666,9.1,10.700000000000001,0.0,0.3333333333333333,0.09026503564824852,Low,Adverse Weather & Wet Pavement
33.9_-118.3,33.9,-118.30000000000001,Los Angeles,CA,I-5 S Golden State Fwy,1,2.0,2,0.0,0.0,1.0,1.0,0.0,8.5,1.5,0.0,0.0,0.13333333328888888,Low,"Congested Signalized Intersection, Severe Rush Hour Peak"
33.9_-84.35,33.9,-84.35000000000001,Atlanta,GA,Cobb Pkwy SE,2,2.0,2,0.5,0.5,0.5,0.5,0.0,8.95,7.0,0.0,0.0,0.1340214066833835,Low,"Complex Highway Junction, Congested Signalized Intersection"
33.9_-84.4,33.9,-84.4,Atlanta,GA,I-85 N at Exit 87,2,1.5,2,0.0,0.5,0.5,1.0,0.0,9.2,4.3,0.0,0.0,0.06735474003893907,Low,"Congested Signalized Intersection, Severe Rush Hour Peak"
33.9_-84.45,33.9,-84.45,Atlanta,GA,Buford Hwy NE,2,1.0,1,0.5,0.0,0.5,0.0,0.5,8.649999999999999,14.85,0.0,0.0,0.0006880733944946238,Low,"Complex Highway Junction, Congested Signalized Intersection"
34.05_-118.1,34.050000000000004,-118.10000000000001,Los Angeles,CA,I-10 E Santa Monica Fwy,2,2.0,3,0.5,0.0,0.5,0.5,0.0,8.399999999999999,18.049999999999997,0.0,0.5,0.1340214066833835,Low,"Complex Highway Junction, Congested Signalized Intersection"
34.05_-118.15,34.050000000000004,-118.15,Los Angeles,CA,I-10 E Santa Monica Fwy,71,1.9859154929577465,4,0.4225352112676056,0.11267605633802817,0.38028169014084506,0.352112676056338,0.2676056338028169,7.6633802816901415,8.291549295774649,0.10380281690140845,0.4507042253521127,0.17962053663183805,Medium,"Complex Highway Junction, Adverse Weather & Wet Pavement"
34.05_-118.2,34.050000000000004,-118.2,Los Angeles,CA,Wilshire Blvd,531,1.9774011299435028,4,0.3408662900188324,0.17325800376647835,0.3050847457627119,0.4331450094161959,0.2806026365348399,7.665348399246705,7.563841807909605,0.09146892655367232,0.3860640301318267,0.49499904969784425,High,"Adverse Weather & Wet Pavement, Severe Rush Hour Peak"
34.05_-118.25,34.050000000000004,-118.25,Los Angeles,CA,Sepulveda Blvd,873,2.0057273768613975,4,0.33104238258877433,0.16494845360824742,0.3344788087056128,0.424971363115693,0.3035509736540664,7.45418098510882,7.216494845360825,0.11148911798396334,0.4043528064146621,0.7340969835361326,High,"Adverse Weather & Wet Pavement, Severe Rush Hour Peak"
34.05_-118.3,34.050000000000004,-118.30000000000001,Los Angeles,CA,Sepulveda Blvd,374,1.8877005347593583,4,0.2887700534759358,0.13903743315508021,0.3315508021390374,0.4144385026737968,0.2914438502673797,7.714171122994652,8.257486631016043,0.10491978609625668,0.3716577540106952,0.37501144740828907,High,"Adverse Weather & Wet Pavement, Severe Rush Hour Peak"
34.05_-118.35,34.050000000000004,-118.35000000000001,Los Angeles,CA,I-10 E Santa Monica Fwy,38,1.631578947368421,4,0.34210526315789475,0.18421052631578946,0.2894736842105263,0.47368421052631576,0.21052631578947367,8.544736842105262,5.163157894736842,0.03315789473684211,0.21052631578947367,0.10966924188402039,Low,Severe Rush Hour Peak
34.05_-118.4,34.050000000000004,-118.4,Los Angeles,CA,I-10 E Santa Monica Fwy,1,2.0,2,1.0,0.0,0.0,1.0,0.0,8.6,3.1,0.0,0.0,0.13333333328888888,Low,"Complex Highway Junction, Severe Rush Hour Peak"
34.0_-118.1,34.0,-118.10000000000001,Los Angeles,CA,I-110 N Harbor Fwy,1,1.0,1,1.0,0.0,0.0,0.0,0.0,9.4,3.0,0.0,0.0,0.0,Low,Complex Highway Junction
34.0_-118.15,34.0,-118.15,Los Angeles,CA,US-101 S Hollywood Fwy,33,1.696969696969697,3,0.24242424242424243,0.12121212121212122,0.45454545454545453,0.3939393939393939,0.15151515151515152,8.239393939393938,5.284848484848485,0.09484848484848485,0.21212121212121213,0.11494764152214448,Low,"Congested Signalized Intersection, Severe Rush Hour Peak"
34.0_-118.2,34.0,-118.2,Los Angeles,CA,I-110 N Harbor Fwy,242,1.8140495867768596,4,0.30165289256198347,0.1322314049586777,0.30165289256198347,0.3925619834710744,0.29338842975206614,7.857851239669421,7.830991735537189,0.06214876033057851,0.39669421487603307,0.2743656329406056,Medium,"Adverse Weather & Wet Pavement, Severe Rush Hour Peak"
34.0_-118.25,34.0,-118.25,Los Angeles,CA,I-10 E Santa Monica Fwy,412,2.0388349514563107,4,0.3616504854368932,0.1262135922330097,0.29854368932038833,0.42718446601941745,0.28640776699029125,7.408009708737864,8.230097087378642,0.13881067961165047,0.4368932038834951,0.4213094919519613,High,"Complex Highway Junction, Adverse Weather & Wet Pavement"
34.0_-118.3,34.0,-118.30000000000001,Los Angeles,CA,I-110 N Harbor Fwy,169,1.8579881656804733,4,0.30177514792899407,0.13609467455621302,0.3136094674556213,0.4319526627218935,0.2603550295857988,7.628402366863906,7.879289940828402,0.10420118343195266,0.41420118343195267,0.22999475232769373,Medium,"Adverse Weather & Wet Pavement, Severe Rush Hour Peak"
34.0_-118.35,34.0,-118.35000000000001,Los Angeles,CA,Sunset Blvd,25,1.96,4,0.36,0.24,0.44,0.44,0.32,7.404,10.995999999999999,0.12239999999999998,0.48,0.1445137614252043,Low,"Complex Highway Junction, Congested Signalized Intersection"
34.0_-118.4,34.0,-118.4,Los Angeles,CA,I-110 N Harbor Fwy,1,2.0,2,0.0,0.0,0.0,1.0,0.0,9.9,11.2,0.0,0.0,0.13333333328888888,Low,Severe Rush Hour Peak
34.15_-118.15,34.15,-118.15,Los Angeles,CA,I-405 N San Diego Fwy,3,2.6666666666666665,3,0.3333333333333333,0.0,0.6666666666666666,0.3333333333333333,0.0,7.3999999999999995,5.3999999999999995,0.22333333333333336,0.6666666666666666,0.2235983689371374,Medium,"Congested Signalized Intersection, Adverse Weather & Wet Pavement"
34.15_-118.2,34.15,-118.2,Los Angeles,CA,I-10 E Santa Monica Fwy,33,2.121212121212121,4,0.5151515151515151,0.21212121212121213,0.36363636363636365,0.24242424242424243,0.42424242424242425,7.466666666666667,7.427272727272728,0.09272727272727273,0.36363636363636365,0.1715132980689458,Low,"Complex Highway Junction, Adverse Weather & Wet Pavement"
34.15_-118.25,34.15,-118.25,Los Angeles,CA,Sepulveda Blvd,55,1.8909090909090909,4,0.3090909090909091,0.18181818181818182,0.34545454545454546,0.36363636363636365,0.18181818181818182,7.458181818181818,7.534545454545454,0.09799999999999999,0.43636363636363634,0.15594384205099251,Low,"Adverse Weather & Wet Pavement, Severe Rush Hour Peak"
34.15_-118.3,34.15,-118.30000000000001,Los Angeles,CA,I-405 N San Diego Fwy,42,2.238095238095238,4,0.40476190476190477,0.14285714285714285,0.2619047619047619,0.4523809523809524,0.38095238095238093,6.8619047619047615,5.940476190476191,0.09880952380952382,0.5238095238095238,0.1932903741986182,Medium,"Complex Highway Junction, Adverse Weather & Wet Pavement"
34.15_-118.35,34.15,-118.35000000000001,Los Angeles,CA,I-405 N San Diego Fwy,4,1.5,3,0.25,0.0,0.0,0.0,0.5,8.15,4.9,0.005,0.25,0.06873088682792831,Low,Mixed Traffic Density
34.1_-118.15,34.1,-118.15,Los Angeles,CA,Sunset Blvd,40,1.95,4,0.375,0.275,0.4,0.425,0.275,7.3,7.7675,0.127,0.475,0.15350152900973477,Low,"Complex Highway Junction, Adverse Weather & Wet Pavement"
34.1_-118.2,34.1,-118.2,Los Angeles,CA,I-110 N Harbor Fwy,285,1.8877192982456141,4,0.24561403508771928,0.18947368421052632,0.3298245614035088,0.45263157894736844,0.2596491228070175,7.734385964912281,7.57578947368421,0.09157894736842105,0.40350877192982454,0.3137754170964342,Medium,"Adverse Weather & Wet Pavement, Severe Rush Hour Peak"
34.1_-118.25,34.1,-118.25,Los Angeles,CA,I-110 N Harbor Fwy,446,1.984304932735426,4,0.3183856502242152,0.14573991031390135,0.32286995515695066,0.4484304932735426,0.2937219730941704,7.457174887892377,8.405156950672644,0.091457399103139,0.3789237668161435,0.4374333182044175,High,"Adverse Weather & Wet Pavement, Severe Rush Hour Peak"
34.1_-118.3,34.1,-118.30000000000001,Los Angeles,CA,Wilshire Blvd,186,1.8870967741935485,4,0.3172043010752688,0.1774193548387097,0.3387096774193548,0.3978494623655914,0.25806451612903225,7.546774193548387,7.589784946236559,0.13413978494623655,0.43010752688172044,0.245573147834552,Medium,"Adverse Weather & Wet Pavement, Severe Rush Hour Peak"
34.1_-118.35,34.1,-118.35000000000001,Los Angeles,CA,US-101 S Hollywood Fwy,28,1.7142857142857142,3,0.2857142857142857,0.07142857142857142,0.21428571428571427,0.2857142857142857,0.25,7.832142857142857,10.935714285714285,0.08142857142857142,0.42857142857142855,0.11381607685770403,Low,Adverse Weather & Wet Pavement
34.25_-118.25,34.25,-118.25,Los Angeles,CA,Western Ave,1,2.0,2,0.0,1.0,0.0,0.0,0.0,8.8,1.5,0.0,0.0,0.13333333328888888,Low,Mixed Traffic Density
34.2_-118.2,34.2,-118.2,Los Angeles,CA,Sepulveda Blvd,1,1.0,1,0.0,0.0,0.0,0.0,0.0,9.2,3.1,0.0,0.0,0.0,Low,Mixed Traffic Density
34.2_-118.25,34.2,-118.25,Los Angeles,CA,Ventura Blvd,4,1.5,2,0.25,0.25,0.75,0.5,0.25,9.1,13.625,0.0,0.0,0.06873088682792831,Low,"Congested Signalized Intersection, Severe Rush Hour Peak"
34.2_-118.3,34.2,-118.30000000000001,Los Angeles,CA,I-10 E Santa Monica Fwy,1,1.0,1,0.0,0.0,0.0,1.0,1.0,8.6,9.6,0.0,0.0,0.0,Low,Severe Rush Hour Peak
35.15_-80.7,35.15,-80.7,Charlotte,NC,University City Blvd,1,3.0,3,1.0,0.0,1.0,0.0,0.0,9.3,7.5,0.0,0.0,0.26666666657777777,Medium,"Complex Highway Junction, Congested Signalized Intersection"
35.15_-80.75,35.15,-80.75,Charlotte,NC,N Tryon St,14,2.0,4,0.35714285714285715,0.2857142857142857,0.5714285714285714,0.35714285714285715,0.21428571428571427,7.585714285714286,5.7,0.08357142857142856,0.42857142857142855,0.142278287417319,Low,"Complex Highway Junction, Congested Signalized Intersection"
35.15_-80.8,35.15,-80.80000000000001,Charlotte,NC,E Morehead St,106,1.8584905660377358,4,0.2830188679245283,0.16037735849056603,0.39622641509433965,0.42452830188679247,0.25471698113207547,7.812264150943396,8.356603773584904,0.10094339622641509,0.4056603773584906,0.18671311518881178,Medium,"Adverse Weather & Wet Pavement, Severe Rush Hour Peak"
35.15_-80.85,35.15,-80.85000000000001,Charlotte,NC,University City Blvd,160,1.76875,4,0.28125,0.23125,0.4125,0.4,0.33125,7.8637500000000005,6.3100000000000005,0.079125,0.38125,0.21190366969047852,Medium,"Congested Signalized Intersection, Adverse Weather & Wet Pavement"
35.15_-80.9,35.15,-80.9,Charlotte,NC,Independence Blvd,76,1.868421052631579,4,0.3684210526315789,0.2894736842105263,0.3815789473684211,0.34210526315789475,0.34210526315789475,7.911842105263157,8.213157894736844,0.1088157894736842,0.35526315789473684,0.16739497823271082,Low,"Complex Highway Junction, Adverse Weather & Wet Pavement"
35.15_-80.95,35.15,-80.95,Charlotte,NC,E Morehead St,7,1.5714285714285714,2,0.14285714285714285,0.7142857142857143,0.5714285714285714,0.2857142857142857,0.5714285714285714,7.8999999999999995,7.785714285714286,0.018571428571428572,0.5714285714285714,0.0803189165320471,Low,"Congested Signalized Intersection, Adverse Weather & Wet Pavement"
35.1_-80.75,35.1,-80.75,Charlotte,NC,I-485 Outer Loop,2,1.0,1,0.5,0.5,0.0,0.0,0.5,8.6,2.4499999999999997,0.0,0.0,0.0006880733944946238,Low,Complex Highway Junction
35.1_-80.8,35.1,-80.80000000000001,Charlotte,NC,University City Blvd,6,1.5,4,0.16666666666666666,0.5,0.6666666666666666,0.5,0.0,7.566666666666666,2.6999999999999997,0.06999999999999999,0.5,0.07010703361691756,Low,"Congested Signalized Intersection, Adverse Weather & Wet Pavement"
35.1_-80.85,35.1,-80.85000000000001,Charlotte,NC,Monroe Rd,12,1.8333333333333333,4,0.3333333333333333,0.08333333333333333,0.3333333333333333,0.25,0.25,6.8999999999999995,8.716666666666667,0.09916666666666667,0.4166666666666667,0.11867991841351493,Low,Adverse Weather & Wet Pavement
35.1_-80.9,35.1,-80.9,Charlotte,NC,I-85 N Exit 38,7,2.2857142857142856,4,0.42857142857142855,0.2857142857142857,0.14285714285714285,0.5714285714285714,0.14285714285714285,6.542857142857143,5.371428571428572,0.16857142857142857,0.42857142857142855,0.1755570117383963,Medium,"Complex Highway Junction, Adverse Weather & Wet Pavement"
35.25_-80.7,35.25,-80.7,Charlotte,NC,E Morehead St,1,4.0,4,1.0,0.0,0.0,1.0,0.0,3.3,10.5,0.66,1.0,0.3999999998666667,High,"Complex Highway Junction, Adverse Weather & Wet Pavement"
35.25_-80.75,35.25,-80.75,Charlotte,NC,University City Blvd,63,1.9523809523809523,4,0.30158730158730157,0.19047619047619047,0.3492063492063492,0.3968253968253968,0.23809523809523808,7.626984126984127,7.131746031746032,0.09999999999999999,0.38095238095238093,0.1696446774004656,Low,"Adverse Weather & Wet Pavement, Severe Rush Hour Peak"
35.25_-80.8,35.25,-80.80000000000001,Charlotte,NC,Independence Blvd,453,1.9646799116997793,4,0.26048565121412803,0.2251655629139073,0.41721854304635764,0.4216335540838852,0.2803532008830022,7.5501103752759375,7.795143487858719,0.10364238410596027,0.4282560706401766,0.4396331624953325,High,"Congested Signalized Intersection, Adverse Weather & Wet Pavement"
35.25_-80.85,35.25,-80.85000000000001,Charlotte,NC,E Morehead St,746,1.8337801608579087,4,0.2667560321715818,0.21983914209115282,0.450402144772118,0.4075067024128686,0.2935656836461126,7.703083109919571,7.578418230563003,0.08867292225201073,0.40884718498659517,0.6237853669758258,High,"Congested Signalized Intersection, Adverse Weather & Wet Pavement"
35.25_-80.9,35.25,-80.9,Charlotte,NC,I-485 Outer Loop,326,1.861963190184049,4,0.2883435582822086,0.18711656441717792,0.39263803680981596,0.401840490797546,0.3006134969325153,7.7248466257668715,6.6720858895705515,0.08702453987730062,0.3987730061349693,0.33855227853031644,Medium,"Adverse Weather & Wet Pavement, Severe Rush Hour Peak"
35.25_-80.95,35.25,-80.95,Charlotte,NC,I-77 S Bill Lee Fwy,24,1.9166666666666667,4,0.25,0.16666666666666666,0.25,0.4583333333333333,0.4166666666666667,7.804166666666667,9.237499999999999,0.07291666666666667,0.5416666666666666,0.13804791025485783,Low,"Adverse Weather & Wet Pavement, Severe Rush Hour Peak"
35.25_-81.0,35.25,-81.0,Charlotte,NC,I-485 Outer Loop,2,2.5,3,0.5,0.0,0.0,0.5,0.5,8.75,4.95,0.0,0.0,0.20068807332782795,Medium,"Complex Highway Junction, Severe Rush Hour Peak"
35.2_-80.7,35.2,-80.7,Charlotte,NC,Monroe Rd,2,1.5,2,0.5,0.5,0.5,0.0,0.5,7.3999999999999995,5.3,0.275,0.5,0.06735474003893907,Low,"Complex Highway Junction, Congested Signalized Intersection"
35.2_-80.75,35.2,-80.75,Charlotte,NC,I-485 Outer Loop,65,2.0307692307692307,4,0.3384615384615385,0.24615384615384617,0.3384615384615385,0.38461538461538464,0.23076923076923078,7.386153846153847,8.22923076923077,0.07892307692307692,0.4307692307692308,0.1814725946377414,Medium,"Adverse Weather & Wet Pavement, Severe Rush Hour Peak"
35.2_-80.8,35.2,-80.80000000000001,Charlotte,NC,Providence Rd,418,1.9138755980861244,4,0.2822966507177033,0.215311004784689,0.4473684210526316,0.39712918660287083,0.2631578947368421,7.623684210526315,7.790191387559809,0.09043062200956938,0.41866028708133973,0.408776685208458,High,"Congested Signalized Intersection, Adverse Weather & Wet Pavement"
35.2_-80.85,35.2,-80.85000000000001,Charlotte,NC,Independence Blvd,705,1.8780141843971632,4,0.2950354609929078,0.20567375886524822,0.4198581560283688,0.4269503546099291,0.3078014184397163,7.717588652482269,8.136595744680852,0.10659574468085108,0.3730496453900709,0.601472227604814,High,"Congested Signalized Intersection, Adverse Weather & Wet Pavement"
35.2_-80.9,35.2,-80.9,Charlotte,NC,University City Blvd,280,1.8928571428571428,4,0.34285714285714286,0.175,0.4,0.4142857142857143,0.24642857142857144,7.508928571428571,8.449285714285715,0.08932142857142858,0.4035714285714286,0.31102009607193654,Medium,"Adverse Weather & Wet Pavement, Severe Rush Hour Peak"
35.2_-80.95,35.2,-80.95,Charlotte,NC,Providence Rd,23,1.9565217391304348,4,0.2608695652173913,0.21739130434782608,0.391304347826087,0.34782608695652173,0.391304347826087,6.747826086956521,6.643478260869566,0.07956521739130436,0.4782608695652174,0.14267384652042764,Low,Adverse Weather & Wet Pavement
35.2_-81.0,35.2,-81.0,Charlotte,NC,Independence Blvd,2,2.0,2,0.5,0.5,0.0,0.0,0.0,6.3500000000000005,2.3499999999999996,0.285,0.5,0.1340214066833835,Low,"Complex Highway Junction, Adverse Weather & Wet Pavement"
35.35_-80.75,35.35,-80.75,Charlotte,NC,E Morehead St,3,2.6666666666666665,4,0.3333333333333333,0.0,0.3333333333333333,1.0,0.3333333333333333,7.0,3.1,0.2833333333333333,0.3333333333333333,0.2235983689371374,Medium,"Adverse Weather & Wet Pavement, Severe Rush Hour Peak"
35.35_-80.8,35.35,-80.80000000000001,Charlotte,NC,Independence Blvd,9,1.7777777777777777,3,0.2222222222222222,0.2222222222222222,0.6666666666666666,0.4444444444444444,0.3333333333333333,8.077777777777778,6.055555555555555,0.022222222222222223,0.4444444444444444,0.10920829082509279,Low,"Congested Signalized Intersection, Adverse Weather & Wet Pavement"
35.35_-80.85,35.35,-80.85000000000001,Charlotte,NC,I-485 Outer Loop,15,1.8,4,0.26666666666666666,0.13333333333333333,0.26666666666666666,0.5333333333333333,0.3333333333333333,8.32,7.5600000000000005,0.037333333333333336,0.3333333333333333,0.11629969415403585,Low,"Adverse Weather & Wet Pavement, Severe Rush Hour Peak"
35.35_-80.9,35.35,-80.9,Charlotte,NC,E Morehead St,7,2.0,3,0.2857142857142857,0.2857142857142857,0.5714285714285714,0.0,0.14285714285714285,7.385714285714286,10.528571428571428,0.14857142857142858,0.42857142857142855,0.13746177365585663,Low,"Congested Signalized Intersection, Adverse Weather & Wet Pavement"
35.3_-80.7,35.300000000000004,-80.7,Charlotte,NC,E Morehead St,1,1.0,1,1.0,0.0,1.0,0.0,0.0,8.3,11.0,0.0,1.0,0.0,Low,"Complex Highway Junction, Congested Signalized Intersection"
35.3_-80.75,35.300000000000004,-80.75,Charlotte,NC,Monroe Rd,22,1.4545454545454546,4,0.3181818181818182,0.22727272727272727,0.4090909090909091,0.22727272727272727,0.3181818181818182,7.145454545454545,8.090909090909092,0.05,0.36363636363636365,0.0750556018702457,Low,"Congested Signalized Intersection, Adverse Weather & Wet Pavement"
35.3_-80.8,35.300000000000004,-80.80000000000001,Charlotte,NC,I-485 Outer Loop,124,2.0806451612903225,4,0.3387096774193548,0.20161290322580644,0.3629032258064516,0.41935483870967744,0.2903225806451613,7.359677419354839,6.773387096774194,0.14830645161290323,0.43548387096774194,0.22871904898018638,Medium,"Adverse Weather & Wet Pavement, Severe Rush Hour Peak"
35.3_-80.85,35.300000000000004,-80.85000000000001,Charlotte,NC,N Tryon St,212,1.8349056603773586,4,0.2688679245283019,0.18867924528301888,0.39622641509433965,0.4528301886792453,0.3160377358490566,7.662264150943397,7.622169811320755,0.09000000000000001,0.4056603773584906,0.2565042409182398,Medium,"Adverse Weather & Wet Pavement, Severe Rush Hour Peak"
35.3_-80.9,35.300000000000004,-80.9,Charlotte,NC,Monroe Rd,97,1.8865979381443299,4,0.2268041237113402,0.1958762886597938,0.38144329896907214,0.44329896907216493,0.32989690721649484,7.128865979381444,9.170103092783505,0.128659793814433,0.4948453608247423,0.1842681042513235,Medium,"Adverse Weather & Wet Pavement, Severe Rush Hour Peak"
35.3_-80.95,35.300000000000004,-80.95,Charlotte,NC,N Tryon St,8,2.0,3,0.125,0.25,0.625,0.375,0.0,7.9125,7.3125,0.01,0.25,0.13814984705035124,Low,"Congested Signalized Intersection, Severe Rush Hour Peak"
35.4_-80.8,35.4,-80.80000000000001,Charlotte,NC,I-77 S Bill Lee Fwy,1,3.0,3,0.0,0.0,0.0,1.0,1.0,6.5,71.7,0.22,1.0,0.26666666657777777,Medium,"Adverse Weather & Wet Pavement, Severe Rush Hour Peak"
41.75_-87.55,41.75,-87.55000000000001,Chicago,IL,DuSable Lake Shore Dr,2,2.0,3,0.5,0.5,0.5,1.0,0.0,8.3,6.05,0.0,0.0,0.1340214066833835,Low,"Complex Highway Junction, Congested Signalized Intersection"
41.75_-87.6,41.75,-87.60000000000001,Chicago,IL,DuSable Lake Shore Dr,8,2.25,4,0.25,0.25,0.375,0.375,0.125,5.775,13.4,0.245,0.625,0.17148318037257348,Low,"Adverse Weather & Wet Pavement, Severe Rush Hour Peak"
41.75_-87.65,41.75,-87.65,Chicago,IL,DuSable Lake Shore Dr,7,2.5714285714285716,3,0.14285714285714285,0.2857142857142857,0.7142857142857143,0.5714285714285714,0.2857142857142857,5.914285714285714,11.585714285714285,0.2742857142857143,0.5714285714285714,0.21365224982093606,Medium,"Congested Signalized Intersection, Adverse Weather & Wet Pavement"
41.75_-87.7,41.75,-87.7,Chicago,IL,I-55 N Stevenson Expy,4,3.0,4,0.5,0.25,0.0,0.25,0.0,4.525,10.7,0.48000000000000004,0.75,0.2687308867612616,Medium,"Complex Highway Junction, Adverse Weather & Wet Pavement"
41.7_-87.65,41.7,-87.65,Chicago,IL,I-290 W Eisenhower Expy,1,2.0,2,0.0,0.0,0.0,1.0,0.0,8.3,4.7,0.0,1.0,0.13333333328888888,Low,"Adverse Weather & Wet Pavement, Severe Rush Hour Peak"
41.85_-87.5,41.85,-87.5,Chicago,IL,I-290 W Eisenhower Expy,7,2.142857142857143,4,0.42857142857142855,0.0,0.14285714285714285,0.14285714285714285,0.2857142857142857,7.085714285714286,6.914285714285714,0.1542857142857143,0.7142857142857143,0.15650939269712646,Low,"Complex Highway Junction, Adverse Weather & Wet Pavement"
41.85_-87.55,41.85,-87.55000000000001,Chicago,IL,I-55 N Stevenson Expy,129,2.007751937984496,4,0.3023255813953488,0.16279069767441862,0.31007751937984496,0.43410852713178294,0.3178294573643411,7.5852713178294575,7.644961240310078,0.11038759689922481,0.4263565891472868,0.22244031951512236,Medium,"Adverse Weather & Wet Pavement, Severe Rush Hour Peak"
41.85_-87.6,41.85,-87.60000000000001,Chicago,IL,DuSable Lake Shore Dr,541,1.911275415896488,4,0.3234750462107209,0.19038817005545286,0.3512014787430684,0.4417744916820702,0.2754158964879852,7.712754158964881,7.629390018484289,0.09567467652495379,0.41035120147874304,0.4930630217727941,High,"Adverse Weather & Wet Pavement, Severe Rush Hour Peak"
41.85_-87.65,41.85,-87.65,Chicago,IL,W Cicero Ave,636,1.9072327044025157,4,0.3081761006289308,0.2169811320754717,0.3805031446540881,0.389937106918239,0.27672955974842767,7.71933962264151,7.633647798742138,0.08613207547169811,0.3694968553459119,0.5578909660507667,High,"Adverse Weather & Wet Pavement, Severe Rush Hour Peak"
41.85_-87.7,41.85,-87.7,Chicago,IL,I-90 E Kennedy Expy,206,2.0776699029126213,4,0.3640776699029126,0.18932038834951456,0.35436893203883496,0.4563106796116505,0.23300970873786409,7.484466019417476,9.043203883495146,0.0991747572815534,0.4029126213592233,0.28474436621185095,Medium,"Complex Highway Junction, Adverse Weather & Wet Pavement"
41.85_-87.75,41.85,-87.75,Chicago,IL,I-94 S Dan Ryan Expy,15,1.8666666666666667,3,0.4,0.3333333333333333,0.4666666666666667,0.3333333333333333,0.2,8.6,5.52,0.052000000000000005,0.13333333333333333,0.12518858303996178,Low,"Complex Highway Junction, Congested Signalized Intersection"
41.8_-87.5,41.800000000000004,-87.5,Chicago,IL,I-94 S Dan Ryan Expy,2,2.5,3,0.5,0.0,0.0,0.5,0.5,9.45,0.39999999999999997,0.0,0.0,0.20068807332782795,Medium,"Complex Highway Junction, Severe Rush Hour Peak"
41.8_-87.55,41.800000000000004,-87.55000000000001,Chicago,IL,DuSable Lake Shore Dr,25,1.88,3,0.04,0.04,0.4,0.44,0.16,7.632000000000001,8.836,0.1384,0.52,0.13384709476209317,Low,"Adverse Weather & Wet Pavement, Severe Rush Hour Peak"
41.8_-87.6,41.800000000000004,-87.60000000000001,Chicago,IL,I-55 N Stevenson Expy,110,2.0454545454545454,4,0.3090909090909091,0.16363636363636364,0.41818181818181815,0.37272727272727274,0.2818181818181818,7.582727272727273,9.862727272727273,0.09854545454545455,0.4,0.21439393934738876,Medium,"Congested Signalized Intersection, Adverse Weather & Wet Pavement"
41.8_-87.65,41.800000000000004,-87.65,Chicago,IL,N Michigan Ave,148,1.9256756756756757,4,0.3108108108108108,0.17567567567567569,0.4391891891891892,0.3108108108108108,0.24324324324324326,7.403378378378378,8.697297297297297,0.10344594594594594,0.4189189189189189,0.22457021237299196,Medium,"Congested Signalized Intersection, Adverse Weather & Wet Pavement"
41.8_-87.7,41.800000000000004,-87.7,Chicago,IL,DuSable Lake Shore Dr,36,1.9444444444444444,4,0.3333333333333333,0.1388888888888889,0.25,0.4166666666666667,0.1388888888888889,7.558333333333334,7.663888888888888,0.06083333333333333,0.5277777777777778,0.15000849469126246,Low,"Adverse Weather & Wet Pavement, Severe Rush Hour Peak"
41.8_-87.75,41.800000000000004,-87.75,Chicago,IL,I-90 E Kennedy Expy,4,2.0,3,0.25,0.25,0.5,0.25,0.75,8.9,7.075,0.0,0.0,0.13539755347237276,Low,Congested Signalized Intersection
41.95_-87.55,41.95,-87.55000000000001,Chicago,IL,I-94 S Dan Ryan Expy,34,2.5294117647058822,4,0.3235294117647059,0.11764705882352941,0.5294117647058824,0.4411764705882353,0.23529411764705882,6.914705882352941,8.185294117647059,0.11558823529411766,0.5588235294117647,0.2266279905777997,Medium,"Congested Signalized Intersection, Adverse Weather & Wet Pavement"
41.95_-87.6,41.95,-87.60000000000001,Chicago,IL,N Michigan Ave,156,2.0256410256410255,4,0.32051282051282054,0.19230769230769232,0.36538461538461536,0.4166666666666667,0.3076923076923077,7.494871794871795,8.433974358974359,0.13044871794871796,0.46794871794871795,0.24340351285321937,Medium,"Adverse Weather & Wet Pavement, Severe Rush Hour Peak"
41.95_-87.65,41.95,-87.65,Chicago,IL,I-290 W Eisenhower Expy,183,1.994535519125683,4,0.2786885245901639,0.15300546448087432,0.3989071038251366,0.4207650273224044,0.24043715846994534,7.346448087431694,8.33224043715847,0.12775956284153006,0.4098360655737705,0.25783409363724435,Medium,"Adverse Weather & Wet Pavement, Severe Rush Hour Peak"
41.95_-87.7,41.95,-87.7,Chicago,IL,DuSable Lake Shore Dr,55,1.9272727272727272,4,0.3090909090909091,0.2,0.32727272727272727,0.41818181818181815,0.34545454545454546,7.32,6.050909090909091,0.14145454545454547,0.5454545454545454,0.1607923268978612,Low,"Adverse Weather & Wet Pavement, Severe Rush Hour Peak"
41.95_-87.75,41.95,-87.75,Chicago,IL,S Halsted St,4,2.0,3,0.0,0.25,0.25,0.75,0.25,7.225,3.4,0.15,0.25,0.13539755347237276,Low,Severe Rush Hour Peak
41.9_-87.5,41.900000000000006,-87.5,Chicago,IL,DuSable Lake Shore Dr,8,1.75,3,0.5,0.375,0.5,0.5,0.375,8.8625,4.8875,0.0,0.25,0.10481651372812903,Low,"Complex Highway Junction, Congested Signalized Intersection"
41.9_-87.55,41.900000000000006,-87.55000000000001,Chicago,IL,I-90 E Kennedy Expy,143,1.993006993006993,4,0.38461538461538464,0.14685314685314685,0.3356643356643357,0.4125874125874126,0.3006993006993007,7.664335664335664,8.08951048951049,0.14279720279720282,0.4405594405594406,0.23010735437503532,Medium,"Complex Highway Junction, Adverse Weather & Wet Pavement"
41.9_-87.6,41.900000000000006,-87.60000000000001,Chicago,IL,W 95th St,604,1.9304635761589404,4,0.3162251655629139,0.19205298013245034,0.3973509933774834,0.4139072847682119,0.2996688741721854,7.623344370860927,7.239403973509934,0.0902317880794702,0.4056291390728477,0.5389700669934295,High,"Adverse Weather & Wet Pavement, Severe Rush Hour Peak"
41.9_-87.65,41.900000000000006,-87.65,Chicago,IL,I-55 N Stevenson Expy,681,1.920704845814978,4,0.29515418502202645,0.18649045521292218,0.38179148311306904,0.4170337738619677,0.27165932452276065,7.624375917767988,7.980763582966226,0.09660792951541851,0.4199706314243759,0.5906505543240876,High,"Adverse Weather & Wet Pavement, Severe Rush Hour Peak"
41.9_-87.7,41.900000000000006,-87.7,Chicago,IL,I-290 W Eisenhower Expy,203,2.0,4,0.270935960591133,0.18719211822660098,0.37438423645320196,0.41379310344827586,0.3399014778325123,7.429064039408867,8.832512315270936,0.10157635467980296,0.4433497536945813,0.27232415897680284,Medium,"Adverse Weather & Wet Pavement, Severe Rush Hour Peak"
41.9_-87.75,41.900000000000006,-87.75,Chicago,IL,N Michigan Ave,23,2.0,4,0.30434782608695654,0.17391304347826086,0.30434782608695654,0.4782608695652174,0.2608695652173913,7.252173913043479,8.543478260869565,0.12000000000000001,0.4782608695652174,0.1484709479677706,Low,"Adverse Weather & Wet Pavement, Severe Rush Hour Peak"
42.0_-87.6,42.0,-87.60000000000001,Chicago,IL,S Halsted St,10,1.7,3,0.1,0.5,0.4,0.3,0.2,7.8,6.279999999999999,0.186,0.7,0.09952599385267383,Low,Adverse Weather & Wet Pavement
42.0_-87.65,42.0,-87.65,Chicago,IL,N Western Ave,12,1.9166666666666667,4,0.25,0.16666666666666666,0.5,0.4166666666666667,0.3333333333333333,8.683333333333332,3.1,0.013333333333333334,0.25,0.12979102952092236,Low,"Congested Signalized Intersection, Severe Rush Hour Peak"
42.0_-87.7,42.0,-87.7,Chicago,IL,DuSable Lake Shore Dr,2,1.5,2,0.0,0.5,0.5,0.5,0.0,7.6,9.25,0.2,0.5,0.06735474003893907,Low,"Congested Signalized Intersection, Adverse Weather & Wet Pavement"
42.0_-87.75,42.0,-87.75,Chicago,IL,I-290 W Eisenhower Expy,1,2.0,2,0.0,0.0,0.0,0.0,1.0,9.4,11.1,0.0,1.0,0.13333333328888888,Low,Adverse Weather & Wet Pavement
